Deal,Link
DJI Mavic Mini Fly More Combo $719.10 ($669.10 with Amex offer) Instore Pickup In @Georges Cameras Sydney,www.ozbargain.com.au/node/495173
"A6S Bluetooth 5.0 TWS Earphones $7.59 US (~$11.06 AU), E6S Bluetooth 5.0 TWS Earphones $7.99 US (~$11.64 AU) @ GeekBuying",www.ozbargain.com.au/node/495139
"Free 9v Smoke Alarm Batteries @ Battery World (National, Nov 9 & 10, Swap Old for New, Max 20 Per Customer)",www.ozbargain.com.au/node/495130
JBL Reflect Flow (True Wireless earphones) $137.40 (Was $229) + Shipping / Pickup @ JB Hi-Fi,www.ozbargain.com.au/node/494913
"Samsung Series 8 RU8000 4K UHD Smart TV 65” $1190.40, 55” $870.40 + Delivery @ Appliance Central eBay",www.ozbargain.com.au/node/494769
Amazon Echo Spot Black $49 C&C @ The Good Guys/Officeworks | $47.53 C&C /+ $8.50 Delivery @ The Good Guys eBay,www.ozbargain.com.au/node/494684
GoPro HERO7 (White) Waterproof Digital Action Camera $199 Delivered @ Amazon AU,www.ozbargain.com.au/node/494647
Logitech Z506 5.1 Channel PC Speakers $63.20 @ JB Hi-Fi (in-Store Only),www.ozbargain.com.au/node/494623
Amazon Echo Spot $49 @ JB Hi-Fi,www.ozbargain.com.au/node/494615
GoPro Hero7 White 1440p Action Cam $199 (Save $100) + Shipping / Pickup @ JB Hi-Fi,www.ozbargain.com.au/node/494614
"RAVPower Desktop Chargers: 45W PD 5 Port $36.79 60W 6 Port $26.99, USB Cable Sets from $9.74 +Post (Free $39+/Prime) @ Amazon AU",www.ozbargain.com.au/node/494599
BlitzWolf BW-P11 20000mAh PowerBank US $24.28 (AU $35.88) BlitzWolf BW-S10 30W Type-C AU Charger US $9.79 (Expired) @ Banggood,www.ozbargain.com.au/node/494352
"Hisense 65"" 65R7 4K UHD Smart ULED TV $976 + Delivery @ Appliance Central eBay",www.ozbargain.com.au/node/494271
Onkyo Envision Cinema LS7200 3D Soundbar System $349 (Was $999) | Fitbit Flex 2 Bangle $5 @ JB Hi-Fi (in Store),www.ozbargain.com.au/node/494215
"RAVPower Camera Battery Sets: Sony, Nikon & Canon from $29.99 & CR123A Lithium 16-Pack  $26.99 +Post (Free $39+/Prime) @ Amazon",www.ozbargain.com.au/node/494144
[Pre Order] Apple AirPods Pro $379 Delivered @ StudioProper,www.ozbargain.com.au/node/494118
Baseus 1M Type-C USB Cable - 4 for $12 + Delivery ($0 with eBay Plus) @ Shopping Square via eBay,www.ozbargain.com.au/node/494063
½ Price Amazon Alexa Smart Home Starter Kit $49 + Delivery (Free C&C) @ JB Hi-Fi,www.ozbargain.com.au/node/493992
SanDisk Ultra 32GB MicroSD - 3 for $14.25 + Delivery ($0 with eBay Plus) @ Shopping Square eBay,www.ozbargain.com.au/node/493855
FIVI QC 3.0 Dual USB Charger w/ Voltage Display $2.30 US (~$3.34 AU) Delivered @ FIVI 3C Specialty AliExpress,www.ozbargain.com.au/node/493668
"Xiaomi Mi Power Bank Pro 10,000mAh Gold $15.95 (Sold Out), 360 S7 Robot Vacuum $629.95 Delivered @ Gearbite eBay",www.ozbargain.com.au/node/493667
Xiaomi Mi Smart Band 4 US $19.79 (~AU $29 Inc GST) Shipped @ Xiaomi MC Store via AliExpress,www.ozbargain.com.au/node/493623
"TCL 85P8M 85"" 4K Android TV - $2151 ($1851 after TCL Cashback) + Delivery (Free C&C) @ Videopro eBay",www.ozbargain.com.au/node/493602
"2,500 Telstra Plus Bonus Points for Setting up ""Direct Calling"" (Telstra Phone Calls from Google Home/Nest)",www.ozbargain.com.au/node/493175
"Google Nest Mini Bundle for 15,000 Points (Was 20,000) @ Telstra Plus Rewards",www.ozbargain.com.au/node/493013
"Tronsmart USB-C to Lightning 2m MFI Cable $7.69 US (~$11.29 AU), Xiaomi ZANJIA 11L Backpack $5.99 US (~$8.79 AU)  @ GeekBuying",www.ozbargain.com.au/node/492791
Lenovo Smart Clock with Google Assistant $78 + Delivery (Free C&C) @ Officeworks,www.ozbargain.com.au/node/492637
"[VIC] Logitech X-50 Bluetooth Speaker $15 @ Officeworks, QV Melbourne",www.ozbargain.com.au/node/492548
Bauhn Universal Travel Adaptor Kit $19.99 @ ALDI,www.ozbargain.com.au/node/492367
Whirlpool 60cm Pyrolytic Oven (Model # AKZ9635IXAUS) $588 (C&C Only) @ The Good Guys,www.ozbargain.com.au/node/492349
Raspberry Pi 4 Model B with 4GB RAM $92.90 Delivered @ OzTechDiscount via Amazon AU,www.ozbargain.com.au/node/492142
ATuMan LS-1S Intelligent Rechargeable Laser Rangefinder (LS-1 Updated Version) US $15.39 (~AU $22.86) Delivered @ Banggood,www.ozbargain.com.au/node/491408
Bonus Google Nest Hub (RRP $199) with Google Pixel 4 & 4 XL @ Telstra,www.ozbargain.com.au/node/489861
Osram 10.5w 1060lm/1130lm B22D/E27 LED Globe - 3 Pack $8 @ Bunnings,www.ozbargain.com.au/node/489626
"Apple iPad Pro 10.5"" 64GB Wi-Fi $649, 256GB Wi-Fi $799 (+$5.95 Delivery Regional / Free Delivery Metro / Free C&C) @ Officeworks",www.ozbargain.com.au/node/489131
Activ Energy AA & AAA Super Heavy Duty Battery 30-Pack $4.99 Each @ ALDI,www.ozbargain.com.au/node/488573
6.6kW (Jinko) Solar System with 2x6.5kWh Growatt Lithium Batteries Installed for $4990 (SA Only) @ Sunterra Solar,www.ozbargain.com.au/node/488461
"[QLD, SA] Viano 55 inch UHD 4K TV $299 @ BIG W (Brisbane, Adelaide)",www.ozbargain.com.au/node/488374
"Free Samsung Galaxy Buds When You Purchase a Galaxy S10, Note10, Tab S6, Watch Active 2 (Select Retailers)",www.ozbargain.com.au/node/488193
Espresso Machine $149 @ ALDI,www.ozbargain.com.au/node/487953
[Pre Order] Apple iPad 2019 (7th Gen) up to 6.4% off: 32GB from $499; 128GB from $645 Delivered @ Studio Proper,www.ozbargain.com.au/node/486427
Vodafone TV - $72 Delivered @ Vodafone,www.ozbargain.com.au/node/466660
KIWI Design Wall Mount (Gen 2) for Google Home Mini $14.81 + Delivery (Free with Prime/ $49 Spend) @ IO TESAI Amazon AU,www.ozbargain.com.au/node/464646
"50% off Official GoPro Accessories, Free Express Shipping (Expired) @ GoPro (GoPro Plus Required, Free 30 Day Trial Available)",www.ozbargain.com.au/node/428171
[NSW] Air Conditioner Rebates @ NSW Government,www.ozbargain.com.au/node/426080
